{"assets/fonts/Kanit-Regular.ttf":["assets/fonts/Kanit-Regular.ttf"],"assets/fonts/Sriracha-Regular.ttf":["assets/fonts/Sriracha-Regular.ttf"],"assets/images/.DS_Store":["assets/images/.DS_Store","assets/images/main/.DS_Store"],"assets/images/add_product.png":["assets/images/add_product.png"],"assets/images/app-icon-1024-2.png":["assets/images/app-icon-1024-2.png"],"assets/images/app_bar.png":["assets/images/app_bar.png"],"assets/images/apple-btn-sign.png":["assets/images/apple-btn-sign.png"],"assets/images/banner-p1.png":["assets/images/banner-p1.png"],"assets/images/banner-p2.png":["assets/images/banner-p2.png"],"assets/images/bg-e.png":["assets/images/bg-e.png"],"assets/images/bg-news.png":["assets/images/bg-news.png"],"assets/images/bg_bottommeu.png":["assets/images/bg_bottommeu.png"],"assets/images/bg_chat.png":["assets/images/bg_chat.png"],"assets/images/bg_dino.png":["assets/images/bg_dino.png"],"assets/images/bg_es.png":["assets/images/bg_es.png"],"assets/images/bg_ms_dino.png":["assets/images/bg_ms_dino.png"],"assets/images/bg_sub.png":["assets/images/bg_sub.png"],"assets/images/bg_test.jpeg":["assets/images/bg_test.jpeg"],"assets/images/bg_test.png":["assets/images/bg_test.png"],"assets/images/bg_toprec.png":["assets/images/bg_toprec.png"],"assets/images/bg_toptralvel.png":["assets/images/bg_toptralvel.png"],"assets/images/call.png":["assets/images/call.png"],"assets/images/complain_bottom.png":["assets/images/complain_bottom.png"],"assets/images/dino.png":["assets/images/dino.png"],"assets/images/doc.png":["assets/images/doc.png"],"assets/images/docx.png":["assets/images/docx.png"],"assets/images/ebook_bar1%23.png":["assets/images/ebook_bar1%23.png"],"assets/images/ebook_bar1.png":["assets/images/ebook_bar1.png"],"assets/images/ebook_bar2%23.png":["assets/images/ebook_bar2%23.png"],"assets/images/ebook_bar2.png":["assets/images/ebook_bar2.png"],"assets/images/es-1.png":["assets/images/es-1.png"],"assets/images/es-2.png":["assets/images/es-2.png"],"assets/images/es-3.png":["assets/images/es-3.png"],"assets/images/es-4.png":["assets/images/es-4.png"],"assets/images/es-5.png":["assets/images/es-5.png"],"assets/images/es-6.png":["assets/images/es-6.png"],"assets/images/excel.png":["assets/images/excel.png"],"assets/images/facebook-ic.png":["assets/images/facebook-ic.png"],"assets/images/faq1.png":["assets/images/faq1.png"],"assets/images/faq2.png":["assets/images/faq2.png"],"assets/images/faq3.png":["assets/images/faq3.png"],"assets/images/faq4.png":["assets/images/faq4.png"],"assets/images/google-ic.png":["assets/images/google-ic.png"],"assets/images/home.png":["assets/images/home.png"],"assets/images/ic-build.png":["assets/images/ic-build.png"],"assets/images/ic-elec.png":["assets/images/ic-elec.png"],"assets/images/ic-follow.png":["assets/images/ic-follow.png"],"assets/images/ic-help.png":["assets/images/ic-help.png"],"assets/images/ic-poll.png":["assets/images/ic-poll.png"],"assets/images/ic-store.png":["assets/images/ic-store.png"],"assets/images/ic-sug1.png":["assets/images/ic-sug1.png"],"assets/images/ic-sug2.png":["assets/images/ic-sug2.png"],"assets/images/ic-sug3.png":["assets/images/ic-sug3.png"],"assets/images/ic-sug5.png":["assets/images/ic-sug5.png"],"assets/images/ic-swag.png":["assets/images/ic-swag.png"],"assets/images/line-ic.png":["assets/images/line-ic.png"],"assets/images/list.png":["assets/images/list.png"],"assets/images/list_vote1.png":["assets/images/list_vote1.png"],"assets/images/list_vote2.png":["assets/images/list_vote2.png"],"assets/images/list_vote3.png":["assets/images/list_vote3.png"],"assets/images/list_vote4.png":["assets/images/list_vote4.png"],"assets/images/list_vote5.png":["assets/images/list_vote5.png"],"assets/images/logo.png":["assets/images/logo.png"],"assets/images/main/.DS_Store":["assets/images/main/.DS_Store"],"assets/images/main/Allbtn_market.png":["assets/images/main/Allbtn_market.png"],"assets/images/main/after.png":["assets/images/main/after.png"],"assets/images/main/before.png":["assets/images/main/before.png"],"assets/images/main/bg_marquee.png":["assets/images/main/bg_marquee.png"],"assets/images/main/bg_news.png":["assets/images/main/bg_news.png"],"assets/images/main/bg_sug.png":["assets/images/main/bg_sug.png"],"assets/images/main/bottombar_sug.png":["assets/images/main/bottombar_sug.png"],"assets/images/main/btn_market.png":["assets/images/main/btn_market.png"],"assets/images/main/charm_bg.png":["assets/images/main/charm_bg.png"],"assets/images/main/close.png":["assets/images/main/close.png"],"assets/images/main/face.png":["assets/images/main/face.png"],"assets/images/main/hand.png":["assets/images/main/hand.png"],"assets/images/main/hit.png":["assets/images/main/hit.png"],"assets/images/main/line.png":["assets/images/main/line.png"],"assets/images/main/logo_top.png":["assets/images/main/logo_top.png"],"assets/images/main/market_bg.png":["assets/images/main/market_bg.png"],"assets/images/main/market_title.png":["assets/images/main/market_title.png"],"assets/images/main/marquee.png":["assets/images/main/marquee.png"],"assets/images/main/merket_base.png":["assets/images/main/merket_base.png"],"assets/images/main/more.png":["assets/images/main/more.png"],"assets/images/main/more_complain.png":["assets/images/main/more_complain.png"],"assets/images/main/nopic-personal.png":["assets/images/main/nopic-personal.png"],"assets/images/main/pin.png":["assets/images/main/pin.png"],"assets/images/main/service_bg%23.png":["assets/images/main/service_bg%23.png"],"assets/images/main/service_bg.png":["assets/images/main/service_bg.png"],"assets/images/main/shop.png":["assets/images/main/shop.png"],"assets/images/main/sug1.png":["assets/images/main/sug1.png"],"assets/images/main/sug10.png":["assets/images/main/sug10.png"],"assets/images/main/sug11.png":["assets/images/main/sug11.png"],"assets/images/main/sug12.png":["assets/images/main/sug12.png"],"assets/images/main/sug2.png":["assets/images/main/sug2.png"],"assets/images/main/sug3.png":["assets/images/main/sug3.png"],"assets/images/main/sug4.png":["assets/images/main/sug4.png"],"assets/images/main/sug5.png":["assets/images/main/sug5.png"],"assets/images/main/sug6.png":["assets/images/main/sug6.png"],"assets/images/main/sug7.png":["assets/images/main/sug7.png"],"assets/images/main/sug8.png":["assets/images/main/sug8.png"],"assets/images/main/sug9.png":["assets/images/main/sug9.png"],"assets/images/main/test%23.jpg":["assets/images/main/test%23.jpg"],"assets/images/main/test.png":["assets/images/main/test.png"],"assets/images/main/top-travel.png":["assets/images/main/top-travel.png"],"assets/images/main/top_bg.png":["assets/images/main/top_bg.png"],"assets/images/main/travel1.png":["assets/images/main/travel1.png"],"assets/images/main/travel2.png":["assets/images/main/travel2.png"],"assets/images/main/travel3.png":["assets/images/main/travel3.png"],"assets/images/main/travel4.png":["assets/images/main/travel4.png"],"assets/images/market/clock.png":["assets/images/market/clock.png"],"assets/images/market/phone.png":["assets/images/market/phone.png"],"assets/images/market/pin.png":["assets/images/market/pin.png"],"assets/images/menu/cripboard.png":["assets/images/menu/cripboard.png"],"assets/images/menu/m1.png":["assets/images/menu/m1.png"],"assets/images/menu/m10.png":["assets/images/menu/m10.png"],"assets/images/menu/m11.png":["assets/images/menu/m11.png"],"assets/images/menu/m12.png":["assets/images/menu/m12.png"],"assets/images/menu/m13.png":["assets/images/menu/m13.png"],"assets/images/menu/m14.png":["assets/images/menu/m14.png"],"assets/images/menu/m15.png":["assets/images/menu/m15.png"],"assets/images/menu/m16.png":["assets/images/menu/m16.png"],"assets/images/menu/m17.png":["assets/images/menu/m17.png"],"assets/images/menu/m18.png":["assets/images/menu/m18.png"],"assets/images/menu/m19.png":["assets/images/menu/m19.png"],"assets/images/menu/m2.png":["assets/images/menu/m2.png"],"assets/images/menu/m20.png":["assets/images/menu/m20.png"],"assets/images/menu/m21.png":["assets/images/menu/m21.png"],"assets/images/menu/m22.png":["assets/images/menu/m22.png"],"assets/images/menu/m23.png":["assets/images/menu/m23.png"],"assets/images/menu/m24.png":["assets/images/menu/m24.png"],"assets/images/menu/m25.png":["assets/images/menu/m25.png"],"assets/images/menu/m26.png":["assets/images/menu/m26.png"],"assets/images/menu/m27.png":["assets/images/menu/m27.png"],"assets/images/menu/m28.png":["assets/images/menu/m28.png"],"assets/images/menu/m3.png":["assets/images/menu/m3.png"],"assets/images/menu/m30.png":["assets/images/menu/m30.png"],"assets/images/menu/m31.png":["assets/images/menu/m31.png"],"assets/images/menu/m32.png":["assets/images/menu/m32.png"],"assets/images/menu/m4.png":["assets/images/menu/m4.png"],"assets/images/menu/m5.png":["assets/images/menu/m5.png"],"assets/images/menu/m6.png":["assets/images/menu/m6.png"],"assets/images/menu/m7.png":["assets/images/menu/m7.png"],"assets/images/menu/m8.png":["assets/images/menu/m8.png"],"assets/images/menu/m9.png":["assets/images/menu/m9.png"],"assets/images/menu/person.png":["assets/images/menu/person.png"],"assets/images/menu/top1.png":["assets/images/menu/top1.png"],"assets/images/menu/top2.png":["assets/images/menu/top2.png"],"assets/images/menu/top3.png":["assets/images/menu/top3.png"],"assets/images/menu/top4.png":["assets/images/menu/top4.png"],"assets/images/menu/tree.png":["assets/images/menu/tree.png"],"assets/images/menu_bg.png":["assets/images/menu_bg.png"],"assets/images/name_kledkaew.png":["assets/images/name_kledkaew.png"],"assets/images/newspaper.png":["assets/images/newspaper.png"],"assets/images/nopic-file.png":["assets/images/nopic-file.png"],"assets/images/nopic_banner.png":["assets/images/nopic_banner.png"],"assets/images/noti.png":["assets/images/noti.png"],"assets/images/noti2.png":["assets/images/noti2.png"],"assets/images/notihead.png":["assets/images/notihead.png"],"assets/images/pages2.png":["assets/images/pages2.png"],"assets/images/pdf.png":["assets/images/pdf.png"],"assets/images/pop_vote1.png":["assets/images/pop_vote1.png"],"assets/images/pop_vote2.png":["assets/images/pop_vote2.png"],"assets/images/pop_vote3.png":["assets/images/pop_vote3.png"],"assets/images/pop_vote4.png":["assets/images/pop_vote4.png"],"assets/images/pop_vote5.png":["assets/images/pop_vote5.png"],"assets/images/rar.png":["assets/images/rar.png"],"assets/images/search_btn.png":["assets/images/search_btn.png"],"assets/images/splash.png":["assets/images/splash.png"],"assets/images/takra.png":["assets/images/takra.png"],"assets/images/threelines.png":["assets/images/threelines.png"],"assets/images/top-news.png":["assets/images/top-news.png"],"assets/images/travel/chat.png":["assets/images/travel/chat.png"],"assets/images/travel/fav.png":["assets/images/travel/fav.png"],"assets/images/travel/fav_selected.png":["assets/images/travel/fav_selected.png"],"assets/images/travel/love.png":["assets/images/travel/love.png"],"assets/images/travel/love_selected.png":["assets/images/travel/love_selected.png"],"assets/images/travel/nav.png":["assets/images/travel/nav.png"],"assets/images/travel/pin_otop.png":["assets/images/travel/pin_otop.png"],"assets/images/travel/pin_travel.png":["assets/images/travel/pin_travel.png"],"assets/images/travel/share.png":["assets/images/travel/share.png"],"assets/images/travel/view.png":["assets/images/travel/view.png"],"assets/images/view.png":["assets/images/view.png","assets/images/travel/view.png"],"packages/cupertino_icons/assets/CupertinoIcons.ttf":["packages/cupertino_icons/assets/CupertinoIcons.ttf"],"packages/flutter_inappwebview/t_rex_runner/t-rex.css":["packages/flutter_inappwebview/t_rex_runner/t-rex.css"],"packages/flutter_inappwebview/t_rex_runner/t-rex.html":["packages/flutter_inappwebview/t_rex_runner/t-rex.html"]}